{"cameraMode":{"drawMode":0,"name":"Shaded","section":"Shading Mode"},"sceneLighting":true,"audioPlay":false,"sceneViewState":{"m_AlwaysRefresh":false,"showFog":true,"showSkybox":true,"showFlares":true,"showImageEffects":true,"showParticleSystems":true,"showVisualEffectGraphs":true,"m_FxEnabled":true},"in2DMode":false,"pivot":{"x":421.1736145019531,"y":23.0892333984375,"z":122.23564147949219},"rotation":{"x":0.34149354696273806,"y":0.043683189898729327,"z":-0.015890829265117646,"w":0.9387351870536804},"size":227.62684631347657,"orthographic":false}