{"cameraMode":{"drawMode":0,"name":"Shaded","section":"Shading Mode"},"sceneLighting":true,"audioPlay":false,"sceneViewState":{"m_AlwaysRefresh":false,"showFog":true,"showSkybox":true,"showFlares":true,"showImageEffects":true,"showParticleSystems":true,"showVisualEffectGraphs":true,"m_FxEnabled":true},"in2DMode":false,"pivot":{"x":235.18386840820313,"y":132.90496826171876,"z":11.139925003051758},"rotation":{"x":-0.0991436168551445,"y":0.00955055933445692,"z":-0.000945522275287658,"w":-0.9950401186943054},"size":194.80526733398438,"orthographic":false}