{"cameraMode":{"drawMode":0,"name":"Shaded","section":"Shading Mode"},"sceneLighting":true,"audioPlay":false,"sceneViewState":{"m_AlwaysRefresh":false,"showFog":true,"showSkybox":false,"showFlares":true,"showImageEffects":true,"showParticleSystems":true,"showVisualEffectGraphs":true,"m_FxEnabled":true},"in2DMode":false,"pivot":{"x":12.46257495880127,"y":30.965648651123048,"z":-7.9152116775512699},"rotation":{"x":-0.3705904483795166,"y":0.027020379900932313,"z":-0.010784628801047802,"w":-0.9283514618873596},"size":20.918426513671876,"orthographic":false}