{"cameraMode":{"drawMode":0,"name":"Shaded","section":"Shading Mode"},"sceneLighting":false,"audioPlay":false,"sceneViewState":{"m_AlwaysRefresh":false,"showFog":true,"showSkybox":false,"showFlares":true,"showImageEffects":true,"showParticleSystems":true,"showVisualEffectGraphs":true,"m_FxEnabled":true},"in2DMode":false,"pivot":{"x":-2.9044156074523927,"y":8.681955337524414,"z":0.37743282318115237},"rotation":{"x":-0.013661026023328305,"y":0.8744356632232666,"z":-0.4843239188194275,"w":-0.024664798751473428},"size":14.576740264892579,"orthographic":false}