{"cameraMode":{"drawMode":0,"name":"Shaded","section":"Shading Mode"},"sceneLighting":false,"audioPlay":false,"sceneViewState":{"m_AlwaysRefresh":false,"showFog":true,"showSkybox":false,"showFlares":true,"showImageEffects":true,"showParticleSystems":true,"showVisualEffectGraphs":true,"m_FxEnabled":true},"in2DMode":false,"pivot":{"x":0.19174015522003175,"y":0.9982507228851318,"z":-0.26671135425567629},"rotation":{"x":-0.1580454707145691,"y":0.15833234786987306,"z":-0.025681685656309129,"w":-0.9743205308914185},"size":0.6495419144630432,"orthographic":false}